timestamp,nickname,world,level,exp
2025-12-25 09:18:09,캡틴김지명,챌린저스,277,7488454377393
2025-12-25 09:18:09,춘123자,챌린저스,280,45916817026
2025-12-25 09:18:09,뉴비챌붕잉,챌린저스,280,1073891504870
2025-12-25 09:18:09,진캐12움,챌린저스,279,3121729453234
2025-12-25 09:18:09,구떼온,챌린저스,277,4399915574616
2025-12-25 09:18:09,후닝꽁꽁,챌린저스,278,8317724560573
2025-12-25 09:18:09,RetroArk,챌린저스,278,3761409071978
2025-12-25 09:18:09,제는맘,챌린저스,275,8107673064770
2025-12-25 09:18:09,욱브은월,챌린저스,276,26152383126
2025-12-25 09:18:09,레거시,챌린저스,276,8341879073580
2025-12-25 09:18:09,챌섭제논싫어,챌린저스,276,3596883009379
2025-12-25 09:18:09,슐넌,챌린저스,276,6540031573403
2025-12-25 09:18:09,헌터램지,챌린저스2,277,1259201704873
2025-12-25 09:18:09,루미너스zxcz,챌린저스,276,8179160532806
2025-12-25 09:18:09,누리39,챌린저스,275,10890855500221
2025-12-25 09:18:09,안존댕,챌린저스,276,12471689645868
2025-12-25 09:18:09,눈보라속닌자,챌린저스,275,7657865105893
2025-12-25 09:18:09,와키냐,챌린저스,276,6047977510862
2025-12-25 09:18:09,44447777,챌린저스,275,8943816193743
2025-12-25 09:18:09,퍼니싱박,챌린저스,275,8832331444709
2025-12-25 09:18:09,스윗범석,챌린저스,275,7402821538891
2025-12-25 09:18:09,캡짱라미,챌린저스,275,8754798439088
2025-12-25 09:18:09,호텔렌렌,챌린저스,276,7887574492452
2025-12-25 09:18:09,쒀숨,챌린저스,276,4538457882921
2025-12-25 09:18:09,얼그레,챌린저스,276,5198576588871
2025-12-25 09:18:09,하이스오라,챌린저스,276,7734839398013
2025-12-25 09:18:09,노쿠모,챌린저스2,276,10684026221770
2025-12-25 09:18:09,폭시꾹해야해,챌린저스,276,5655490694886
2025-12-25 09:18:09,우럭까시찔림,챌린저스2,276,8689698449581
2025-12-25 09:18:09,르한을,챌린저스,276,1965900645456
2025-12-25 09:18:09,스트리머,챌린저스,276,8905800799216
2025-12-25 09:18:09,팡델이은글델,챌린저스,278,7164482962004
2025-12-25 09:18:09,루미OI랑,챌린저스2,276,3919578167699
2025-12-25 09:18:09,크로아마세,챌린저스,278,333854911987
2025-12-25 09:18:09,하나레티밍,챌린저스,275,8425257392349
2025-12-25 09:18:09,엔티제엉가남,챌린저스,275,10072644346479
2025-12-25 09:18:09,v멜리토v,챌린저스,276,3274062193413
2025-12-25 09:18:09,착감이형,챌린저스2,275,8878156939767
2025-12-25 09:18:09,즈양,챌린저스,277,1766430814139
2025-12-25 09:18:09,본캐거나유챔,챌린저스,278,5680491920922
2025-12-25 09:18:09,바닐라다송,챌린저스2,276,6842976869751
2025-12-25 09:18:09,동동렌2,챌린저스2,276,7687817482175
2025-12-25 09:18:09,아타라모노,챌린저스,276,4845466040824
2025-12-25 09:18:09,AAFSFASDFASD,챌린저스,276,8912766144862
2025-12-25 09:18:09,싯키,챌린저스2,276,11945819049236
2025-12-25 09:18:09,렌제덴지,챌린저스,275,8239719186214
2025-12-25 09:18:09,Spectter콜,챌린저스2,276,7228041035622
2025-12-25 09:18:09,Package,챌린저스,277,4328982546170
2025-12-25 09:18:09,찍먹S2,챌린저스2,276,2001085771141
2025-12-25 09:18:09,풍성힐벌례,챌린저스,276,7124363498976
2025-12-25 09:18:09,달빛심연z,챌린저스2,276,2941774497211
2025-12-25 09:18:09,이사라군터,챌린저스,276,10668569521086
2025-12-25 09:18:09,니카이도히로,챌린저스2,276,6987384483508
2025-12-25 09:18:09,승황씨,챌린저스,276,2254352816794
2025-12-25 09:18:09,탱룽밍,챌린저스2,277,127832577232
2025-12-25 09:18:09,팡이추워,챌린저스,279,2917083785021
2025-12-25 09:18:09,제논되는법,챌린저스2,275,4375066389827
2025-12-25 09:18:09,DearReze,챌린저스2,276,5642839190445
2025-12-25 09:18:09,비혀나,챌린저스2,275,11013506925307
2025-12-25 09:18:09,청능력자,챌린저스,278,6730487139625
2025-12-25 09:18:09,진홍빛,챌린저스,276,595244317177
2025-12-25 09:18:09,먀옹바옹,챌린저스2,275,10504253290251
2025-12-25 09:18:09,구덕333,챌린저스2,276,3071940936653
2025-12-25 09:18:09,루나에가자,챌린저스,275,9956650084322
2025-12-25 09:18:09,콜주우운,챌린저스2,276,339391551710
2025-12-25 09:18:09,탬둥논,챌린저스2,276,2252372730802
2025-12-25 09:18:09,송이별이,챌린저스2,275,9229587316022
2025-12-25 09:18:09,다이라린,챌린저스2,276,10202168431586
2025-12-25 09:18:09,서린띰,챌린저스2,276,7415652339089
2025-12-25 09:18:09,한결속,챌린저스2,275,2491062328815
2025-12-25 09:18:09,밤의정원,챌린저스2,275,8718840150705
2025-12-25 09:18:09,코르교,챌린저스2,276,591362406082
2025-12-25 09:18:09,veqg,챌린저스,276,3809054881357
2025-12-25 09:18:09,앙구히,챌린저스2,276,7110665840501
2025-12-25 09:18:09,잉뿡이,챌린저스2,276,4475389063639
2025-12-25 09:18:09,또말랑해,챌린저스,277,1987605200555
2025-12-25 09:18:09,상두콩,챌린저스2,275,9816313615394
2025-12-25 09:18:09,젤체스,챌린저스2,275,5160644980769
2025-12-25 09:18:09,셩크림,챌린저스2,275,3998212963705
2025-12-25 09:18:09,매화슁렌,챌린저스2,275,8314728228309
2025-12-25 09:18:09,동에에,챌린저스2,275,3128132431398
2025-12-25 09:18:09,먼짭,챌린저스,277,2471546578335
2025-12-25 09:18:09,천설비,챌린저스2,275,7419544695578
2025-12-25 09:18:09,츄앙일리움,챌린저스3,278,4001030486527
2025-12-25 09:18:09,된짱찌개솥밥,챌린저스2,276,56353452368
2025-12-25 09:18:09,챌린저스신형,챌린저스2,276,1420080968857
2025-12-25 09:18:09,이렐무빙,챌린저스2,276,4883906473462
2025-12-25 09:18:09,이원덕123,챌린저스2,275,10358419851889
2025-12-25 09:18:09,몽칩렌,챌린저스2,275,3601715163064
2025-12-25 09:18:09,아그코,챌린저스2,275,7336473386245
2025-12-25 09:18:09,장검중,챌린저스2,276,4788972
2025-12-25 09:18:09,조성원,챌린저스2,275,8101214478166
2025-12-25 09:18:09,케레알리스,챌린저스2,276,934605832532
2025-12-25 09:18:09,은설oO,챌린저스3,276,10231662733041
2025-12-25 09:18:09,1000년정지,챌린저스2,275,6609325945858
2025-12-25 09:18:09,늙음의한계,챌린저스3,276,5983356284870
2025-12-25 09:18:09,산큄,챌린저스2,276,3648436109973
2025-12-25 09:18:09,화방핑,챌린저스2,276,3113110950523
2025-12-25 09:18:09,먁춥,챌린저스3,276,1429082548446
2025-12-25 09:18:09,드팰e,챌린저스2,276,932353047567
2025-12-25 09:18:09,유셔련,챌린저스3,276,7733628162720
2025-12-25 09:18:09,힘들어,챌린저스3,275,11169190098476
2025-12-25 09:18:09,죤얩,챌린저스3,275,10528984944731
2025-12-25 09:18:09,역픕,챌린저스3,276,4144965251023
2025-12-25 09:18:09,댄담이담,챌린저스3,276,5463829547399
2025-12-25 09:18:09,작은새의시,챌린저스3,276,6214758077048
2025-12-25 09:18:09,조때써용,챌린저스3,275,5452721457882
2025-12-25 09:18:09,설묘랑아,챌린저스3,276,1530197042754
2025-12-25 09:18:09,피클서쿠,챌린저스3,275,8298599212964
2025-12-25 09:18:09,웨즈카가,챌린저스3,276,3590663176031
2025-12-25 09:18:09,머1수,챌린저스3,276,5735735381500
2025-12-25 09:18:09,MisuzuHataya,챌린저스2,276,1150332251258
2025-12-25 09:18:09,썬무컁,챌린저스3,276,5528291650800
2025-12-25 09:18:09,에불렘,챌린저스2,275,6994340773607
2025-12-25 09:18:09,네그야,챌린저스2,275,10449789840960
2025-12-25 09:18:09,조명버섯,챌린저스3,277,2041363060588
2025-12-25 09:18:09,망울메이지,챌린저스3,275,10190282044523
2025-12-25 09:18:09,밤히리,챌린저스3,275,7397955276734
2025-12-25 09:18:09,sz혜민sz,챌린저스3,276,750370061696
2025-12-25 09:18:09,유잉에몽,챌린저스3,275,6430068768156
2025-12-25 09:18:09,악겅이,챌린저스3,275,4377146486098
2025-12-25 09:18:09,성도보마,챌린저스3,275,3771083417224
2025-12-25 09:18:09,푸른깡지,챌린저스3,275,7148088173342
2025-12-25 09:18:09,버금티어,챌린저스3,275,7948141201681
2025-12-25 09:18:09,엘릭서쌈,챌린저스3,276,5441750096898
2025-12-25 09:18:09,l이클릿l,챌린저스3,276,6291685599470
2025-12-25 09:18:09,떠언서,챌린저스3,276,519174222416
2025-12-25 09:18:09,개백수춘식이,챌린저스3,275,4425792345580
2025-12-25 09:18:09,파라1,챌린저스3,275,4410174395259
2025-12-25 09:18:09,제로비렌,챌린저스3,275,10982437524374
2025-12-25 09:18:09,복화흉,챌린저스3,275,4215644149776
2025-12-25 09:18:09,채린냥이,챌린저스4,275,10531765635207
2025-12-25 09:18:09,소아은,챌린저스3,275,5261467540423
2025-12-25 09:18:09,갸루여고생,챌린저스3,276,929332327923
2025-12-25 09:18:09,녕냥이썬콜,챌린저스3,276,2340624336784
2025-12-25 09:18:09,배틀쉽박,챌린저스3,275,9053988195415
2025-12-25 09:18:09,꽁꽁건호,챌린저스4,276,3828576947512
2025-12-25 09:18:09,흑인전남친,챌린저스3,275,8434905470987
2025-12-25 09:18:09,서영제장례식,챌린저스4,276,2125380385143
2025-12-25 09:18:09,근들후,챌린저스3,275,11012655771195
2025-12-25 09:18:09,닙펏,챌린저스3,275,7313066115026
2025-12-25 09:18:09,잔르하,챌린저스3,275,5559454048174
2025-12-25 09:18:09,안즈에이지,챌린저스3,275,3655831204590
2025-12-25 09:18:09,대황솔,챌린저스3,276,1089969867916
2025-12-25 09:18:09,오포퀴,챌린저스3,275,3380667311988
2025-12-25 09:18:09,캐오카,챌린저스3,275,6885275281451
2025-12-25 09:18:09,캡띤낑,챌린저스4,277,3524482995427
2025-12-25 09:18:09,눈꽃원영,챌린저스3,275,4679697106812
2025-12-25 09:18:09,치킨앙쐬주,챌린저스3,276,559233360421
2025-12-25 09:18:09,시로슈고,챌린저스4,276,9041004694449
2025-12-25 09:18:09,꼬망이,챌린저스3,275,5304060614676
2025-12-25 09:18:09,레프랙터,챌린저스4,275,5391156793330
2025-12-25 09:18:09,가미피,챌린저스3,275,2409709983516
2025-12-25 09:18:09,삐슝빠슝좍,챌린저스4,276,5202278841480
2025-12-25 09:18:09,경준뽀,챌린저스4,276,12372219109921
2025-12-25 09:18:09,튀김반동,챌린저스4,276,6139935381675
2025-12-25 09:18:09,끼켠,챌린저스4,275,9437144906385
2025-12-25 09:18:09,은천앳,챌린저스4,275,3146865397114
2025-12-25 09:18:09,런너,챌린저스4,276,3172669721033
2025-12-25 09:18:09,저리룽,챌린저스4,276,34525164793
2025-12-25 09:18:09,잠만프리드좀,챌린저스4,275,3223328066008
2025-12-25 09:18:09,꽁꽁승은,챌린저스4,276,1564691453022
2025-12-25 09:18:09,루미겨누,챌린저스4,276,2853592139500
2025-12-25 09:18:09,리루룬라,챌린저스3,275,5882901041126
2025-12-25 09:18:09,헤비짠,챌린저스4,276,320381484864
2025-12-25 09:18:09,Aellsee54,챌린저스4,275,10380402647829
2025-12-25 09:18:09,맹사꾸꾸,챌린저스4,276,4414828119594
2025-12-25 09:18:09,니마다요,챌린저스4,276,6591027191028
2025-12-25 09:18:09,귤아사냥해,챌린저스4,276,3432678770549
2025-12-25 09:18:09,궁무녕,챌린저스3,276,1001415312202
2025-12-25 09:18:09,키네완서,챌린저스4,275,9181960569307
2025-12-25 09:18:09,근들문,챌린저스4,276,12508227265975
2025-12-25 09:18:09,뮬퐁딱이,챌린저스4,276,567892985158
2025-12-25 09:18:09,소청활,챌린저스4,275,2600058787631
2025-12-25 09:18:09,김헤벤,챌린저스4,275,1507484675709
2025-12-25 09:18:09,20260116,챌린저스4,275,2962003246671
2025-12-25 09:18:09,아몬뽕뽕봉,챌린저스4,275,3218286291413
2025-12-25 09:18:09,배메원붕이,챌린저스4,275,1869299949233
2025-12-25 09:18:09,블랙보조단,챌린저스4,276,51983585405
2025-12-25 09:18:09,취미가댄스,챌린저스4,275,3408062232036
2025-12-25 09:18:09,봄나집,챌린저스4,275,3240821215858
2025-12-25 09:18:09,암얌빵,챌린저스4,276,7266848319199
2025-12-25 09:18:09,할버뜨,챌린저스4,275,5076778926876
2025-12-25 09:18:09,귀여운라라챤,챌린저스4,275,3424961131483
2025-12-25 09:18:09,존후작,챌린저스4,276,1937120113304
2025-12-25 09:18:09,풀죽은설인,챌린저스4,275,8709209359998
2025-12-25 09:18:09,아란배창,챌린저스4,275,8033519622954
2025-12-25 09:18:09,정한뫼,챌린저스4,275,1789173702610
2025-12-25 09:18:09,리거패파,챌린저스4,275,7702762308967
2025-12-25 09:18:09,들어따,챌린저스4,275,10074935776456
2025-12-25 09:18:09,집꿀벌1,챌린저스4,275,4146930978961
2025-12-25 09:18:09,알터인데왜요,챌린저스4,274,609270453600
2025-12-25 09:18:09,튬닷,챌린저스4,275,9900539353745
2025-12-25 09:18:09,쨈준,챌린저스4,275,7958496515182
2025-12-25 09:18:09,원우해별,챌린저스4,275,7376353519096
2025-12-25 09:18:09,맹독압정,챌린저스4,275,4628991663437
2025-12-25 09:18:09,께젠,챌린저스4,275,6004080679210
2025-12-25 09:18:09,벨이아라,챌린저스4,275,9198891464937
2025-12-25 09:18:09,화살튀김이,챌린저스4,275,5222607324808
2025-12-25 09:44:22,춘123자,챌린저스,280,45916817026
2025-12-25 09:44:22,뉴비챌붕잉,챌린저스,280,1073891504870
2025-12-25 09:44:22,팡이추워,챌린저스,279,3018237996068
2025-12-25 09:44:22,엔티제엉가남,챌린저스,275,10151703366889
2025-12-25 09:44:22,퍼니싱박,챌린저스,275,8949265251641
2025-12-25 09:44:22,호텔렌렌,챌린저스,276,8023855090212
2025-12-25 09:44:22,구떼온,챌린저스,277,4541513549616
2025-12-25 09:44:22,RetroArk,챌린저스,278,4146367953799
2025-12-25 09:44:22,슐넌,챌린저스,276,6638704683803
2025-12-25 09:44:22,승황씨,챌린저스,276,2430101414541
2025-12-25 09:44:22,욱브은월,챌린저스,276,26152383126
2025-12-25 09:44:22,AAFSFASDFASD,챌린저스,276,9019410698903
2025-12-25 09:44:22,와키냐,챌린저스,276,6155587053902
2025-12-25 09:44:22,청능력자,챌린저스,278,6869254227865
2025-12-25 09:44:22,쒀숨,챌린저스,276,4973476792549
2025-12-25 09:44:22,아타라모노,챌린저스,276,4957916151544
2025-12-25 09:44:22,루미너스zxcz,챌린저스,276,8185195319486
2025-12-25 09:44:22,얼그레,챌린저스,276,5362555431169
2025-12-25 09:44:22,먼짭,챌린저스,277,2675153560730
2025-12-25 09:44:22,Package,챌린저스,277,4341065573370
2025-12-25 09:44:22,하나레티밍,챌린저스,275,8639380392590
2025-12-25 09:44:22,v멜리토v,챌린저스,276,3423002737413
2025-12-25 09:44:22,스트리머,챌린저스,276,8906697790376
2025-12-25 09:44:22,동동렌2,챌린저스2,276,7687817482175
2025-12-25 09:44:22,캡틴김지명,챌린저스,277,7637598400566
2025-12-25 09:44:22,진캐12움,챌린저스,279,3530034509625
2025-12-25 09:44:22,크로아마세,챌린저스,278,662872616518
2025-12-25 09:44:22,르한을,챌린저스,276,2142406480136
2025-12-25 09:44:22,탱룽밍,챌린저스2,277,198246362752
2025-12-25 09:44:22,캡짱라미,챌린저스,275,8893427512086
2025-12-25 09:44:22,스윗범석,챌린저스,275,7454301831257
2025-12-25 09:44:22,다이라린,챌린저스2,276,10437667375413
2025-12-25 09:44:22,착감이형,챌린저스2,275,8878156939767
2025-12-25 09:44:22,레거시,챌린저스,276,8673788860577
2025-12-25 09:44:22,풍성힐벌례,챌린저스,276,7124363498976
2025-12-25 09:44:22,이사라군터,챌린저스,276,10766870280126
2025-12-25 09:44:22,팡델이은글델,챌린저스,278,7415406166778
2025-12-25 09:44:22,제는맘,챌린저스,275,8107673064770
2025-12-25 09:44:22,눈보라속닌자,챌린저스,276,2207253850383
2025-12-25 09:44:22,바닐라다송,챌린저스2,276,6842976869751
2025-12-25 09:44:22,니카이도히로,챌린저스2,276,6987384483508
2025-12-25 09:44:22,비혀나,챌린저스2,275,11013506925307
2025-12-25 09:44:22,렌제덴지,챌린저스,275,8323936458213
2025-12-25 09:44:22,veqg,챌린저스,276,3879056937037
2025-12-25 09:44:22,루미OI랑,챌린저스2,276,4065167549459
2025-12-25 09:44:22,달빛심연z,챌린저스2,276,3073586878651
2025-12-25 09:44:22,DearReze,챌린저스2,276,5642839190445
2025-12-25 09:44:22,제논되는법,챌린저스2,275,4375066389827
2025-12-25 09:44:22,노쿠모,챌린저스2,276,10970320715109
2025-12-25 09:44:22,본캐거나유챔,챌린저스,278,5956200881044
2025-12-25 09:44:22,우럭까시찔림,챌린저스2,276,8689936049587
2025-12-25 09:44:22,싯키,챌린저스2,276,12094573326031
2025-12-25 09:44:22,진홍빛,챌린저스,276,709183833337
2025-12-25 09:44:22,앙구히,챌린저스2,276,7110665840501
2025-12-25 09:44:22,먀옹바옹,챌린저스2,275,10513035996020
2025-12-25 09:44:22,하이스오라,챌린저스,276,7845800103293
2025-12-25 09:44:22,찍먹S2,챌린저스2,276,2001085771141
2025-12-25 09:44:22,누리39,챌린저스,275,11037206617073
2025-12-25 09:44:22,후닝꽁꽁,챌린저스,278,8676182925378
2025-12-25 09:44:22,탬둥논,챌린저스2,276,2334290030002
2025-12-25 09:44:22,서린띰,챌린저스2,276,7565337585809
2025-12-25 09:44:22,콜주우운,챌린저스2,276,445139337950
2025-12-25 09:44:22,천설비,챌린저스2,275,7419544695578
2025-12-25 09:44:22,안존댕,챌린저스,277,229943101126
2025-12-25 09:44:22,폭시꾹해야해,챌린저스,276,5810500153271
2025-12-25 09:44:22,즈양,챌린저스,277,1903875248539
2025-12-25 09:44:22,44447777,챌린저스,275,8943816193743
2025-12-25 09:44:22,챌섭제논싫어,챌린저스,276,3596883009379
2025-12-25 09:44:22,Spectter콜,챌린저스2,276,7368789849702
2025-12-25 09:44:22,또말랑해,챌린저스,277,1987605200555
2025-12-25 09:44:22,헌터램지,챌린저스2,277,1515823011913
2025-12-25 09:44:22,루나에가자,챌린저스,275,10103001201174
2025-12-25 09:44:22,송이별이,챌린저스2,275,9357552614174
2025-12-25 09:44:22,장검중,챌린저스2,276,41076041189
2025-12-25 09:44:22,젤체스,챌린저스2,275,5164874928835
2025-12-25 09:44:22,된짱찌개솥밥,챌린저스2,276,155026562768
2025-12-25 09:44:22,상두콩,챌린저스2,275,9904197828780
2025-12-25 09:44:22,매화슁렌,챌린저스2,275,8453725017681
2025-12-25 09:44:22,몽칩렌,챌린저스2,275,3601715163064
2025-12-25 09:44:22,화방핑,챌린저스2,276,3144016290917
2025-12-25 09:44:22,동에에,챌린저스2,275,3288377026664
2025-12-25 09:44:22,MisuzuHataya,챌린저스2,276,1341897953018
2025-12-25 09:44:22,네그야,챌린저스2,275,10697939900744
2025-12-25 09:44:22,밤의정원,챌린저스2,275,8855630641833
2025-12-25 09:44:22,잉뿡이,챌린저스2,276,4475389063639
2025-12-25 09:44:22,케레알리스,챌린저스2,276,1171309982482
2025-12-25 09:44:22,한결속,챌린저스2,275,2491062328815
2025-12-25 09:44:22,작은새의시,챌린저스3,276,6455413230675
2025-12-25 09:44:22,이렐무빙,챌린저스2,276,5026889395702
2025-12-25 09:44:22,1000년정지,챌린저스2,275,6745748720612
2025-12-25 09:44:22,츄앙일리움,챌린저스3,278,4510178536433
2025-12-25 09:44:22,챌린저스신형,챌린저스2,276,1587266729497
2025-12-25 09:44:22,아그코,챌린저스2,275,7336473386245
2025-12-25 09:44:22,먁춥,챌린저스3,276,1654996918511
2025-12-25 09:44:22,코르교,챌린저스2,276,699716651842
2025-12-25 09:44:22,구덕333,챌린저스2,276,3140089729672
2025-12-25 09:44:22,은설oO,챌린저스3,276,10615222941809
2025-12-25 09:44:22,이원덕123,챌린저스2,275,10608094064364
2025-12-25 09:44:22,유셔련,챌린저스3,276,7875866382240
2025-12-25 09:44:22,셩크림,챌린저스2,275,3998212963705
2025-12-25 09:44:22,조명버섯,챌린저스3,277,2160305359588
2025-12-25 09:44:22,힘들어,챌린저스3,275,11232506974197
2025-12-25 09:44:22,드팰e,챌린저스2,276,1049643725967
2025-12-25 09:44:22,머1수,챌린저스3,276,5780045193340
2025-12-25 09:44:22,죤얩,챌린저스3,275,10762252765238
2025-12-25 09:44:22,조때써용,챌린저스3,275,5982121224462
2025-12-25 09:44:22,유잉에몽,챌린저스3,275,6430068768156
2025-12-25 09:44:22,l이클릿l,챌린저스3,276,6299222973573
2025-12-25 09:44:22,피클서쿠,챌린저스3,275,8328384239258
2025-12-25 09:44:22,댄담이담,챌린저스3,276,5463829547399
2025-12-25 09:44:22,산큄,챌린저스2,276,3794025491733
2025-12-25 09:44:22,에불렘,챌린저스2,275,6994340773607
2025-12-25 09:44:22,조성원,챌린저스2,275,8209690808496
2025-12-25 09:44:22,설묘랑아,챌린저스3,276,1625517595030
2025-12-25 09:44:22,흑인전남친,챌린저스3,275,8434905470987
2025-12-25 09:44:22,역픕,챌린저스3,276,4181451398400
2025-12-25 09:44:22,엘릭서쌈,챌린저스3,276,5634399252304
2025-12-25 09:44:22,악겅이,챌린저스3,275,4476062190704
2025-12-25 09:44:22,캐오카,챌린저스3,275,6990442164415
2025-12-25 09:44:22,썬무컁,챌린저스3,276,5626220058480
2025-12-25 09:44:22,망울메이지,챌린저스3,275,10190282044523
2025-12-25 09:44:22,안즈에이지,챌린저스3,275,3655831204590
2025-12-25 09:44:22,웨즈카가,챌린저스3,276,3590663176031
2025-12-25 09:44:22,버금티어,챌린저스3,275,8130586005705
2025-12-25 09:44:22,밤히리,챌린저스3,275,7573903008961
2025-12-25 09:44:22,복화흉,챌린저스3,275,4305734661406
2025-12-25 09:44:22,늙음의한계,챌린저스3,276,6074210016710
2025-12-25 09:44:22,눈꽃원영,챌린저스3,275,4907039847577
2025-12-25 09:44:22,성도보마,챌린저스3,275,3771083417224
2025-12-25 09:44:22,소아은,챌린저스3,275,5409289522771
2025-12-25 09:44:22,떠언서,챌린저스3,276,519174222416
2025-12-25 09:44:22,닙펏,챌린저스3,275,7432206220202
2025-12-25 09:44:22,배틀쉽박,챌린저스3,275,9053988195415
2025-12-25 09:44:22,근들후,챌린저스3,275,11129308005041
2025-12-25 09:44:22,제로비렌,챌린저스3,275,10982437524374
2025-12-25 09:44:22,녕냥이썬콜,챌린저스3,276,2440414501264
2025-12-25 09:44:22,꼬망이,챌린저스3,275,5304060614676
2025-12-25 09:44:22,파라1,챌린저스3,275,4511296398109
2025-12-25 09:44:22,궁무녕,챌린저스3,276,1117216585162
2025-12-25 09:44:22,오포퀴,챌린저스3,275,3650138004254
2025-12-25 09:44:22,니마다요,챌린저스4,276,6591027191028
2025-12-25 09:44:22,채린냥이,챌린저스4,275,10621152163517
2025-12-25 09:44:22,잔르하,챌린저스3,275,5559454048174
2025-12-25 09:44:22,캡띤낑,챌린저스4,277,3633985429427
2025-12-25 09:44:22,루미겨누,챌린저스4,276,2853592139500
2025-12-25 09:44:22,리루룬라,챌린저스3,275,5882901041126
2025-12-25 09:44:22,갸루여고생,챌린저스3,276,929332327923
2025-12-25 09:44:22,치킨앙쐬주,챌린저스3,276,657906470821
2025-12-25 09:44:22,삐슝빠슝좍,챌린저스4,276,5280994438299
2025-12-25 09:44:22,가미피,챌린저스3,275,2409709983516
2025-12-25 09:44:22,시로슈고,챌린저스4,276,9125528453169
2025-12-25 09:44:22,대황솔,챌린저스3,276,1089969867916
2025-12-25 09:44:22,꽁꽁건호,챌린저스4,276,3897834300472
2025-12-25 09:44:22,경준뽀,챌린저스4,276,12427760485292
2025-12-25 09:44:22,튀김반동,챌린저스4,276,6139935381675
2025-12-25 09:44:22,근들문,챌린저스4,277,91485102594
2025-12-25 09:44:22,푸른깡지,챌린저스3,275,7274180347153
2025-12-25 09:44:22,런너,챌린저스4,276,3172669721033
2025-12-25 09:44:22,개백수춘식이,챌린저스3,275,4550448196366
2025-12-25 09:44:22,sz혜민sz,챌린저스3,276,958422136812
2025-12-25 09:44:22,암얌빵,챌린저스4,276,7356212645599
2025-12-25 09:44:22,서영제장례식,챌린저스4,276,2125446055143
2025-12-25 09:44:22,튬닷,챌린저스4,275,9991365298123
2025-12-25 09:44:22,끼켠,챌린저스4,275,9454795292337
2025-12-25 09:44:22,아몬뽕뽕봉,챌린저스4,275,3218286291413
2025-12-25 09:44:22,존후작,챌린저스4,276,2048825521304
2025-12-25 09:44:22,저리룽,챌린저스4,276,528134789334
2025-12-25 09:44:22,소청활,챌린저스4,275,2740894158873
2025-12-25 09:44:22,헤비짠,챌린저스4,276,427246325184
2025-12-25 09:44:22,Aellsee54,챌린저스4,275,10466448279345
2025-12-25 09:44:22,께젠,챌린저스4,275,6137194006598
2025-12-25 09:44:22,잠만프리드좀,챌린저스4,275,3223328066008
2025-12-25 09:44:22,쨈준,챌린저스4,275,7958496515182
2025-12-25 09:44:22,뮬퐁딱이,챌린저스4,276,837127508436
2025-12-25 09:44:22,귤아사냥해,챌린저스4,276,3532468935029
2025-12-25 09:44:22,집꿀벌1,챌린저스4,275,4287030917455
2025-12-25 09:44:22,맹독압정,챌린저스4,275,4628991663437
2025-12-25 09:44:22,꽁꽁승은,챌린저스4,276,1719589618782
2025-12-25 09:44:22,아란배창,챌린저스4,275,8122612318850
2025-12-25 09:44:22,레프랙터,챌린저스4,275,5463596919008
2025-12-25 09:44:22,맹사꾸꾸,챌린저스4,276,4552225771434
2025-12-25 09:44:22,김헤벤,챌린저스4,275,2616156562656
2025-12-25 09:44:22,봄나집,챌린저스4,275,3240821215858
2025-12-25 09:44:22,할버뜨,챌린저스4,275,5076778926876
2025-12-25 09:44:22,풀죽은설인,챌린저스4,276,80289287192
2025-12-25 09:44:22,원우해별,챌린저스4,275,8668539255119
2025-12-25 09:44:22,20260116,챌린저스4,275,2962003246671
2025-12-25 09:44:22,벨이아라,챌린저스4,275,9293762289429
2025-12-25 09:44:22,키네완서,챌린저스4,275,9313603031199
2025-12-25 09:44:22,알터인데왜요,챌린저스4,275,347674907620
2025-12-25 09:44:22,블랙보조단,챌린저스4,276,51983585405
2025-12-25 09:44:22,화살튀김이,챌린저스4,275,5222607324808
2025-12-25 09:44:22,정한뫼,챌린저스4,275,1789173702610
2025-12-25 09:44:22,배메원붕이,챌린저스4,275,1869299949233
2025-12-25 09:44:22,은천앳,챌린저스4,275,3150749401472
2025-12-25 09:44:22,들어따,챌린저스4,275,10074935776456
2025-12-25 09:44:22,리거패파,챌린저스4,275,7798000849833
2025-12-25 09:44:22,취미가댄스,챌린저스4,275,3544117290416
2025-12-25 09:44:22,귀여운라라챤,챌린저스4,275,3424961131483
